<?xml version="1.0" encoding="UTF-8"?><rss version="2.0"
	xmlns:content="http://purl.org/rss/1.0/modules/content/"
	xmlns:dc="http://purl.org/dc/elements/1.1/"
	xmlns:atom="http://www.w3.org/2005/Atom"
	xmlns:sy="http://purl.org/rss/1.0/modules/syndication/"
	
	>
<channel>
	<title>
	Comments on: kolam atletik	</title>
	<atom:link href="/kolam-atletik/feed/" rel="self" type="application/rss+xml" />
	<link>/kolam-atletik/</link>
	<description></description>
	<lastBuildDate>Fri, 13 Sep 2024 06:23:14 +0000</lastBuildDate>
	<sy:updatePeriod>
	hourly	</sy:updatePeriod>
	<sy:updateFrequency>
	1	</sy:updateFrequency>
	<generator>https://wordpress.org/?v=6.5.3</generator>
</channel>
</rss>
