<?xml version="1.0" encoding="UTF-8"?><rss version="2.0"
	xmlns:content="http://purl.org/rss/1.0/modules/content/"
	xmlns:wfw="http://wellformedweb.org/CommentAPI/"
	xmlns:dc="http://purl.org/dc/elements/1.1/"
	xmlns:atom="http://www.w3.org/2005/Atom"
	xmlns:sy="http://purl.org/rss/1.0/modules/syndication/"
	xmlns:slash="http://purl.org/rss/1.0/modules/slash/"
	>

<channel>
	<title>admin - Oxygen Sandbox</title>
	<atom:link href="/author/admin/feed/" rel="self" type="application/rss+xml" />
	<link>/</link>
	<description></description>
	<lastBuildDate>Fri, 13 Sep 2024 07:31:53 +0000</lastBuildDate>
	<language>en-US</language>
	<sy:updatePeriod>
	hourly	</sy:updatePeriod>
	<sy:updateFrequency>
	1	</sy:updateFrequency>
	<generator>https://wordpress.org/?v=6.5.3</generator>
	<item>
		<title>Hubungi kami</title>
		<link>/hubungi-kami/</link>
					<comments>/hubungi-kami/#respond</comments>
		
		<dc:creator><![CDATA[admin]]></dc:creator>
		<pubDate>Fri, 13 Sep 2024 07:31:52 +0000</pubDate>
				<category><![CDATA[Uncategorized]]></category>
		<guid isPermaLink="false">/?p=1041</guid>

					<description><![CDATA[GET IN TOUCH Informasi Pemesanan Tlp / WhatsApp089529804309 (Melisa) E-mailmelisasari0508@gmail.com]]></description>
										<content:encoded><![CDATA[
<div class="wp-block-cover alignfull" style="min-height:800px;aspect-ratio:unset;"><span aria-hidden="true" class="wp-block-cover__background has-ast-global-color-7-background-color has-background-dim-60 has-background-dim"></span><img fetchpriority="high" decoding="async" width="735" height="737" class="wp-block-cover__image-background wp-image-975" alt="" src="/wp-content/uploads/2024/09/Screenshot-2024-09-12-113353.png" data-object-fit="cover" srcset="/wp-content/uploads/2024/09/Screenshot-2024-09-12-113353.png 735w, /wp-content/uploads/2024/09/Screenshot-2024-09-12-113353-300x300.png 300w, /wp-content/uploads/2024/09/Screenshot-2024-09-12-113353-150x150.png 150w" sizes="(max-width: 735px) 100vw, 735px" /><div class="wp-block-cover__inner-container is-layout-flow wp-block-cover-is-layout-flow">
<h2 class="wp-block-heading alignwide has-text-color" style="color:#ffe074;font-size:64px">Hubungi Kami</h2>



<div class="wp-block-columns alignwide is-layout-flex wp-container-core-columns-is-layout-1 wp-block-columns-is-layout-flex">
<div class="wp-block-column is-layout-flow wp-block-column-is-layout-flow" style="flex-basis:55%">
<div style="height:330px" aria-hidden="true" class="wp-block-spacer"></div>



<p class="has-text-color" style="color:#ffe074;font-size:12px;line-height:1.3"><em>Anda dapat menghubungi kami pada kontak dibawah ini untuk melakukan kerjasama pembuatan kolam renang.</em></p>
</div>



<div class="wp-block-column is-layout-flow wp-block-column-is-layout-flow"></div>
</div>
</div></div>



<div class="wp-block-group alignfull has-text-color has-background is-layout-flow wp-block-group-is-layout-flow" style="color:#000000;background-color:#ffffff">
<div style="height:64px" aria-hidden="true" class="wp-block-spacer"></div>



<p class="has-text-align-center has-small-font-size" style="line-height:.9"><strong>GET IN TOUCH</strong></p>



<h2 class="wp-block-heading has-text-align-center" id="schedule-a-visit" style="font-size:59px;line-height:1.15"><strong>Informasi Pemesanan</strong></h2>



<div class="wp-block-buttons is-horizontal is-content-justification-center is-layout-flex wp-container-core-buttons-is-layout-1 wp-block-buttons-is-layout-flex">
<div class="wp-block-button has-custom-width wp-block-button__width-50"><a class="wp-block-button__link has-text-color has-background wp-element-button" style="border-radius:50px;color:#ffffff;background-color:#000000">Contact us</a></div>
</div>



<div style="height:64px" aria-hidden="true" class="wp-block-spacer"></div>
</div>



<figure class="wp-block-image alignwide size-full"><img decoding="async" width="503" height="260" src="/wp-content/uploads/2024/09/cropped-Screenshot_2024-09-11_115242-removebg-preview.png" alt="" class="wp-image-937" srcset="/wp-content/uploads/2024/09/cropped-Screenshot_2024-09-11_115242-removebg-preview.png 503w, /wp-content/uploads/2024/09/cropped-Screenshot_2024-09-11_115242-removebg-preview-300x155.png 300w, /wp-content/uploads/2024/09/cropped-Screenshot_2024-09-11_115242-removebg-preview-152x79.png 152w" sizes="(max-width: 503px) 100vw, 503px" /></figure>



<div class="wp-block-columns alignwide are-vertically-aligned-center is-layout-flex wp-container-core-columns-is-layout-2 wp-block-columns-is-layout-flex">
<div class="wp-block-column is-vertically-aligned-center is-layout-flow wp-block-column-is-layout-flow">
<p style="line-height:2"><strong>Tlp / WhatsApp</strong><br>089529804309 (Melisa)</p>
</div>



<div class="wp-block-column is-vertically-aligned-center is-layout-flow wp-block-column-is-layout-flow">
<p style="line-height:2"><strong>E-mail</strong><br>melisasari0508@gmail.com</p>
</div>



<div class="wp-block-column is-vertically-aligned-center is-layout-flow wp-block-column-is-layout-flow">
<div class="wp-block-buttons is-layout-flex wp-block-buttons-is-layout-flex">
<div class="wp-block-button has-custom-width wp-block-button__width-100"><a class="wp-block-button__link has-text-color has-background wp-element-button" style="color:#efefef;background-color:#262626">Hubungi Kami</a></div>
</div>
</div>
</div>
]]></content:encoded>
					
					<wfw:commentRss>/hubungi-kami/feed/</wfw:commentRss>
			<slash:comments>0</slash:comments>
		
		
			</item>
		<item>
		<title>kolam rumah</title>
		<link>/kolam-rumah/</link>
					<comments>/kolam-rumah/#respond</comments>
		
		<dc:creator><![CDATA[admin]]></dc:creator>
		<pubDate>Fri, 13 Sep 2024 07:20:54 +0000</pubDate>
				<category><![CDATA[Uncategorized]]></category>
		<guid isPermaLink="false">/?p=1038</guid>

					<description><![CDATA[Kolam Renang RUMAH Suatu hunian rumah yang ideal tentu akan terasa lebih sempurna jika dilengkapi dengan fasilitas olahraga yang menyehatkan. salah satunya adalah kolam renang. saat ini, kolam renang tidak hanya diperuntukkan pada rumah berukuran besar, bahkan hingga rumah minimalis. fasilitas yang disediakan pada kolam renang rumah memang terkesan lebih sederhana dan menyesuaikan, berbeda halnya [&#8230;]]]></description>
										<content:encoded><![CDATA[
<div class="wp-block-cover alignfull has-parallax" style="min-height:100vh;aspect-ratio:unset;"><span aria-hidden="true" class="wp-block-cover__background has-background-dim-40 has-background-dim" style="background-color:#000000"></span><div class="wp-block-cover__image-background wp-image-1024 has-parallax" style="background-position:50% 50%;background-image:url(/wp-content/uploads/2024/09/Screenshot-2024-09-12-113353-2.png)"></div><div class="wp-block-cover__inner-container is-layout-flow wp-block-cover-is-layout-flow">
<h2 class="wp-block-heading alignwide has-white-color has-text-color" style="font-size:48px;line-height:1.2">JASA PEMBUATAN KOLAM RENANG RUMAH PROFESIONAL</h2>



<div class="wp-block-columns alignwide is-layout-flex wp-container-core-columns-is-layout-3 wp-block-columns-is-layout-flex">
<div class="wp-block-column is-layout-flow wp-block-column-is-layout-flow" style="flex-basis:60%">
<p class="has-text-color" style="color:#ffffff">Pastikan proses pembuatan kolam renang Anda dipercayakan pada pihak profesional. Hal ini bertujuan agar Anda terhindar dari resiko kebocoran dan malfungsi pada kolam renang pasca sehari konstruksi dirampungkan.</p>



<div class="wp-block-buttons is-layout-flex wp-block-buttons-is-layout-flex">
<div class="wp-block-button is-style-outline"><a class="wp-block-button__link has-text-color has-background wp-element-button" style="color:#ffffff;background-color:#000000">Hubungan Kami</a></div>
</div>
</div>



<div class="wp-block-column is-layout-flow wp-block-column-is-layout-flow"></div>
</div>
</div></div>



<div class="wp-block-columns alignfull is-layout-flex wp-container-core-columns-is-layout-5 wp-block-columns-is-layout-flex">
<div class="wp-block-column is-layout-flow wp-block-column-is-layout-flow" style="flex-basis:50%">
<div class="wp-block-cover is-light" style="min-height:600px;aspect-ratio:unset;"><span aria-hidden="true" class="wp-block-cover__background has-background-dim-100 has-background-dim" style="background-color:#f6f6f6"></span><div class="wp-block-cover__inner-container is-layout-flow wp-block-cover-is-layout-flow">
<figure class="wp-block-image aligncenter size-medium"><img decoding="async" src="https://s.w.org/patterns/files/2021/06/wire-sculpture-263x300.jpg" alt="" class="wp-image-571"/></figure>
</div></div>
</div>



<div class="wp-block-column is-vertically-aligned-center is-layout-flow wp-block-column-is-layout-flow" style="padding-top:1em;padding-right:1em;padding-bottom:1em;padding-left:1em">
<div class="wp-block-columns is-layout-flex wp-container-core-columns-is-layout-4 wp-block-columns-is-layout-flex">
<div class="wp-block-column is-layout-flow wp-block-column-is-layout-flow" style="flex-basis:320px">
<p class="has-small-font-size" style="line-height:1.6"><strong>Kolam Renang RUMAH</strong></p>



<p class="has-small-font-size" style="line-height:1.6">Suatu hunian rumah yang ideal tentu akan terasa lebih sempurna jika dilengkapi dengan fasilitas olahraga yang menyehatkan. salah satunya adalah kolam renang. saat ini, kolam renang tidak hanya diperuntukkan pada rumah berukuran besar, bahkan hingga rumah minimalis. fasilitas yang disediakan pada kolam renang rumah memang terkesan lebih sederhana dan menyesuaikan, berbeda halnya dengan kolam renang apartemen maupun hotel. memiliki kolam renang dalam area rumah diyakini mampu menghilangkan rasa jenuh dan penat selepas melaksanakan aktivitas rutin sehari-hari.</p>
</div>
</div>
</div>
</div>



<div class="wp-block-columns alignwide is-layout-flex wp-container-core-columns-is-layout-6 wp-block-columns-is-layout-flex" style="margin-bottom:0">
<div class="wp-block-column has-text-color has-background has-link-color wp-elements-61ce4291c8969aae83b7290f5d000e05 is-layout-flow wp-block-column-is-layout-flow" style="color:#000000;background-color:#ffe97d;padding-top:2em;padding-right:2em;padding-bottom:2em;padding-left:2em">
<h2 class="wp-block-heading" id="single" style="font-size:40px"><strong>Garden Park</strong></h2>



<hr class="wp-block-separator has-text-color has-css-opacity has-background is-style-wide" style="background-color:#000000;color:#000000"/>



<ul class="has-normal-font-size">
<li>Berfungsi untuk meningkatkan keindahan sekaligus menghadirkan sirkulasi udara yang sejuk untuk para pengguna kolam renang.</li>



<li>One free ticket per special exhibition</li>



<li>Two single-use guest passes per year</li>
</ul>



<div class="wp-block-buttons alignfull is-horizontal is-content-justification-center is-layout-flex wp-container-core-buttons-is-layout-4 wp-block-buttons-is-layout-flex">
<div class="wp-block-button has-custom-width wp-block-button__width-100"><a class="wp-block-button__link has-white-color has-text-color has-background no-border-radius wp-element-button" style="background-color:#000000">$110 / year</a></div>
</div>
</div>



<div class="wp-block-column has-text-color has-background has-link-color wp-elements-00c4f7c4bbc0e26ac95edb76a2bc8eaa is-layout-flow wp-block-column-is-layout-flow" style="color:#000000;background-color:#d1d1e1;padding-top:2em;padding-right:2em;padding-bottom:2em;padding-left:2em">
<h2 class="wp-block-heading" id="family" style="font-size:40px"><strong>Plumbing</strong></h2>



<hr class="wp-block-separator has-css-opacity is-style-wide"/>



<ul class="has-normal-font-size">
<li>Plumbing merupakan sistem pemipaan yang berfungsi untuk meningkatkan sirkulasi air bersih kolam renang rumah .</li>



<li>Four free tickets per special exhibition</li>



<li>Four single-use guest passes per year</li>
</ul>



<div class="wp-block-buttons alignfull is-horizontal is-content-justification-center is-layout-flex wp-container-core-buttons-is-layout-5 wp-block-buttons-is-layout-flex">
<div class="wp-block-button has-custom-width wp-block-button__width-100 is-style-fill"><a class="wp-block-button__link has-white-color has-text-color has-background no-border-radius wp-element-button" style="background-color:#000000">$200 / year</a></div>
</div>
</div>



<div class="wp-block-column has-text-color has-background has-link-color wp-elements-297f0be3085cfd763dce240441a8efbe is-layout-flow wp-block-column-is-layout-flow" style="color:#000000;background-color:#c0ebf1;padding-top:2em;padding-right:2em;padding-bottom:2em;padding-left:2em">
<h2 class="wp-block-heading" id="patron" style="font-size:40px"><strong>Playground</strong></h2>



<hr class="wp-block-separator has-css-opacity is-style-wide"/>



<ul class="has-normal-font-size">
<li>Khusus untuk anak di bawah umur karena tingkat kedalamannya relatif sedang. Dilengkapi dengan fasilitas bermain yang menyenangkan.</li>



<li>Five free tickets per special exhibition</li>



<li>Six single-use guest passes per year</li>
</ul>



<div class="wp-block-buttons alignfull is-horizontal is-content-justification-center is-layout-flex wp-container-core-buttons-is-layout-6 wp-block-buttons-is-layout-flex">
<div class="wp-block-button has-custom-width wp-block-button__width-100"><a class="wp-block-button__link has-white-color has-text-color has-background no-border-radius wp-element-button" style="background-color:#000000">$400 / year</a></div>
</div>
</div>
</div>
]]></content:encoded>
					
					<wfw:commentRss>/kolam-rumah/feed/</wfw:commentRss>
			<slash:comments>0</slash:comments>
		
		
			</item>
		<item>
		<title>Kolam resort / villa</title>
		<link>/kolam-resort-villa/</link>
					<comments>/kolam-resort-villa/#respond</comments>
		
		<dc:creator><![CDATA[admin]]></dc:creator>
		<pubDate>Fri, 13 Sep 2024 07:14:01 +0000</pubDate>
				<category><![CDATA[Uncategorized]]></category>
		<guid isPermaLink="false">/?p=1035</guid>

					<description><![CDATA[Kolam Renang HOTEL Hotel adalah salah satu tempat penginapan eksklusif yang dilengkapi oleh berbagai fasilitas mewah dan mampu memanjakan para pengunjung. Salah satunya adalah kolam renang. Secara umum, kolam renang disediakan untuk beberapa hotel bintang tiga sampai lima. Semakin hotel tersebut mewah, maka semakin banyak fitur kolam renang yang disediakan. Bahkan tak sedikit hotel saat [&#8230;]]]></description>
										<content:encoded><![CDATA[
<div class="wp-block-cover alignfull has-parallax" style="min-height:100vh;aspect-ratio:unset;"><span aria-hidden="true" class="wp-block-cover__background has-background-dim-40 has-background-dim" style="background-color:#000000"></span><div class="wp-block-cover__image-background wp-image-1024 has-parallax" style="background-position:50% 50%;background-image:url(/wp-content/uploads/2024/09/Screenshot-2024-09-12-113353-2.png)"></div><div class="wp-block-cover__inner-container is-layout-flow wp-block-cover-is-layout-flow">
<h2 class="wp-block-heading alignwide has-white-color has-text-color" style="font-size:48px;line-height:1.2">JASA PEMBUATAN<br>KOLAM RENANG HOTEL</h2>



<div class="wp-block-columns alignwide is-layout-flex wp-container-core-columns-is-layout-7 wp-block-columns-is-layout-flex">
<div class="wp-block-column is-layout-flow wp-block-column-is-layout-flow" style="flex-basis:60%">
<p class="has-text-color" style="color:#ffffff">Pastikan proses pembuatan kolam renang Anda dipercayakan pada pihak profesional. Hal ini bertujuan agar Anda terhindar dari resiko kebocoran dan malfungsi pada kolam renang pasca sehari konstruksi dirampungkan.</p>



<div class="wp-block-buttons is-layout-flex wp-block-buttons-is-layout-flex">
<div class="wp-block-button is-style-outline"><a class="wp-block-button__link has-text-color has-background wp-element-button" style="color:#ffffff;background-color:#000000">Hubungi Kami</a></div>
</div>
</div>



<div class="wp-block-column is-layout-flow wp-block-column-is-layout-flow"></div>
</div>
</div></div>



<div class="wp-block-columns alignfull is-layout-flex wp-container-core-columns-is-layout-9 wp-block-columns-is-layout-flex">
<div class="wp-block-column is-layout-flow wp-block-column-is-layout-flow" style="flex-basis:50%">
<div class="wp-block-cover is-light" style="min-height:600px;aspect-ratio:unset;"><span aria-hidden="true" class="wp-block-cover__background has-background-dim-100 has-background-dim" style="background-color:#f6f6f6"></span><div class="wp-block-cover__inner-container is-layout-flow wp-block-cover-is-layout-flow">
<figure class="wp-block-image aligncenter size-medium"><img decoding="async" src="https://s.w.org/patterns/files/2021/06/wire-sculpture-263x300.jpg" alt="" class="wp-image-571"/></figure>
</div></div>
</div>



<div class="wp-block-column is-vertically-aligned-center is-layout-flow wp-block-column-is-layout-flow" style="padding-top:1em;padding-right:1em;padding-bottom:1em;padding-left:1em">
<div class="wp-block-columns is-layout-flex wp-container-core-columns-is-layout-8 wp-block-columns-is-layout-flex">
<div class="wp-block-column is-layout-flow wp-block-column-is-layout-flow" style="flex-basis:320px">
<p class="has-small-font-size" style="line-height:1.6"><strong>Kolam Renang HOTEL</strong></p>



<p class="has-small-font-size" style="line-height:1.6">Hotel adalah salah satu tempat penginapan eksklusif yang dilengkapi oleh berbagai fasilitas mewah dan mampu memanjakan para pengunjung. Salah satunya adalah kolam renang. Secara umum, kolam renang disediakan untuk beberapa hotel bintang tiga sampai lima. Semakin hotel tersebut mewah, maka semakin banyak fitur kolam renang yang disediakan. Bahkan tak sedikit hotel saat ini yang membangun kolam renang pada bagian lantai atas. Hal ini bertujuan agar para pengunjung dapat menikmati pemandangan dan menambah ekslusif yang tentu tidak akan pernah diperoleh jika menggunakan kolam renang umum atau bahkan kolam renang pribadi.</p>
</div>
</div>
</div>
</div>



<div class="wp-block-columns alignwide is-layout-flex wp-container-core-columns-is-layout-10 wp-block-columns-is-layout-flex" style="margin-bottom:0">
<div class="wp-block-column has-text-color has-background has-link-color wp-elements-006f71e8e9c0f9b0dde2728de34aa670 is-layout-flow wp-block-column-is-layout-flow" style="color:#000000;background-color:#ffe97d;padding-top:2em;padding-right:2em;padding-bottom:2em;padding-left:2em">
<h2 class="wp-block-heading" id="single" style="font-size:40px"><strong>Fitur Kolam Renang Hotel Eksklusif</strong></h2>



<hr class="wp-block-separator has-text-color has-css-opacity has-background is-style-wide" style="background-color:#000000;color:#000000"/>



<ul class="has-normal-font-size">
<li>Sejumlah fitur kolam renang berikut ini bertujuan agar meningkatkan rasa nyaman para pengguna.</li>



<li></li>



<li></li>
</ul>



<div class="wp-block-buttons alignfull is-horizontal is-content-justification-center is-layout-flex wp-container-core-buttons-is-layout-8 wp-block-buttons-is-layout-flex">
<div class="wp-block-button has-custom-width wp-block-button__width-100"><a class="wp-block-button__link has-white-color has-text-color has-background no-border-radius wp-element-button" style="background-color:#000000">$110 / year</a></div>
</div>
</div>



<div class="wp-block-column has-text-color has-background has-link-color wp-elements-0d60ada1243cd4ae42a875f9f2738390 is-layout-flow wp-block-column-is-layout-flow" style="color:#000000;background-color:#d1d1e1;padding-top:2em;padding-right:2em;padding-bottom:2em;padding-left:2em">
<h2 class="wp-block-heading" id="family" style="font-size:40px"><strong>Garden Park</strong></h2>



<hr class="wp-block-separator has-css-opacity is-style-wide"/>



<ul class="has-normal-font-size">
<li>Berfungsi untuk meningkatkan keindahan sekaligus menghadirkan sirkulasi udara yang sejuk untuk para pengguna kolam renang.</li>



<li></li>
</ul>



<p></p>



<div class="wp-block-buttons alignfull is-horizontal is-content-justification-center is-layout-flex wp-container-core-buttons-is-layout-9 wp-block-buttons-is-layout-flex">
<div class="wp-block-button has-custom-width wp-block-button__width-100 is-style-fill"><a class="wp-block-button__link has-white-color has-text-color has-background no-border-radius wp-element-button" style="background-color:#000000">$200 / year</a></div>
</div>
</div>



<div class="wp-block-column has-text-color has-background has-link-color wp-elements-306acf62b4a36217e667c1ca204c63ec is-layout-flow wp-block-column-is-layout-flow" style="color:#000000;background-color:#c0ebf1;padding-top:2em;padding-right:2em;padding-bottom:2em;padding-left:2em">
<h2 class="wp-block-heading" id="patron" style="font-size:40px"><strong>Water Fountain</strong></h2>



<hr class="wp-block-separator has-css-opacity is-style-wide"/>



<ul class="has-normal-font-size">
<li>Selain sebagai hiasan, air mancur juga berfungsi untuk sirkulasi air kolam renang secara lebih merata.</li>



<li></li>
</ul>



<p></p>



<div class="wp-block-buttons alignfull is-horizontal is-content-justification-center is-layout-flex wp-container-core-buttons-is-layout-10 wp-block-buttons-is-layout-flex">
<div class="wp-block-button has-custom-width wp-block-button__width-100"><a class="wp-block-button__link has-white-color has-text-color has-background no-border-radius wp-element-button" style="background-color:#000000">$400 / year</a></div>
</div>
</div>
</div>



<div class="wp-block-columns alignwide is-layout-flex wp-container-core-columns-is-layout-11 wp-block-columns-is-layout-flex" style="margin-bottom:0">
<div class="wp-block-column has-text-color has-background has-link-color wp-elements-166d31375ee54b7c78c1604d11de06f5 is-layout-flow wp-block-column-is-layout-flow" style="color:#000000;background-color:#ffe97d;padding-top:2em;padding-right:2em;padding-bottom:2em;padding-left:2em">
<h2 class="wp-block-heading" id="single" style="font-size:40px"><strong>Pool Slide</strong></h2>



<hr class="wp-block-separator has-text-color has-css-opacity has-background is-style-wide" style="background-color:#000000;color:#000000"/>



<ul class="has-normal-font-size">
<li>Keberadaan fitur pool slide mampu menghadirkan keseruan dan kesenangan para pengguna saat sedang berada di kolam renang.</li>



<li></li>



<li></li>
</ul>



<div class="wp-block-buttons alignfull is-horizontal is-content-justification-center is-layout-flex wp-container-core-buttons-is-layout-11 wp-block-buttons-is-layout-flex">
<div class="wp-block-button has-custom-width wp-block-button__width-100"><a class="wp-block-button__link has-white-color has-text-color has-background no-border-radius wp-element-button" style="background-color:#000000">$110 / year</a></div>
</div>
</div>



<div class="wp-block-column has-text-color has-background has-link-color wp-elements-04284f16163a5455f21d5aaa6c0421cb is-layout-flow wp-block-column-is-layout-flow" style="color:#000000;background-color:#d1d1e1;padding-top:2em;padding-right:2em;padding-bottom:2em;padding-left:2em">
<h2 class="wp-block-heading" id="family" style="font-size:40px"><strong>Playground</strong></h2>



<hr class="wp-block-separator has-css-opacity is-style-wide"/>



<ul class="has-normal-font-size">
<li>Khusus untuk anak di bawah umur karena tingkat kedalamannya relatif sedang. Dilengkapi dengan fasilitas bermain yang menyenangkan.</li>



<li></li>



<li></li>
</ul>



<div class="wp-block-buttons alignfull is-horizontal is-content-justification-center is-layout-flex wp-container-core-buttons-is-layout-12 wp-block-buttons-is-layout-flex">
<div class="wp-block-button has-custom-width wp-block-button__width-100 is-style-fill"><a class="wp-block-button__link has-white-color has-text-color has-background no-border-radius wp-element-button" style="background-color:#000000">$200 / year</a></div>
</div>
</div>



<div class="wp-block-column has-text-color has-background has-link-color wp-elements-3c0f971497b980935bf5b46a3041e61a is-layout-flow wp-block-column-is-layout-flow" style="color:#000000;background-color:#c0ebf1;padding-top:2em;padding-right:2em;padding-bottom:2em;padding-left:2em">
<h2 class="wp-block-heading" id="patron" style="font-size:40px"><strong>Diving Board</strong></h2>



<hr class="wp-block-separator has-css-opacity is-style-wide"/>



<ul class="has-normal-font-size">
<li>Berfungsi untuk memudahkan para perenang untuk melompat dan menyelam, fitur ini wajib untuk kolam renang atletik.</li>



<li></li>



<li></li>
</ul>



<div class="wp-block-buttons alignfull is-horizontal is-content-justification-center is-layout-flex wp-container-core-buttons-is-layout-13 wp-block-buttons-is-layout-flex">
<div class="wp-block-button has-custom-width wp-block-button__width-100"><a class="wp-block-button__link has-white-color has-text-color has-background no-border-radius wp-element-button" style="background-color:#000000">$400 / year</a></div>
</div>
</div>
</div>
]]></content:encoded>
					
					<wfw:commentRss>/kolam-resort-villa/feed/</wfw:commentRss>
			<slash:comments>0</slash:comments>
		
		
			</item>
		<item>
		<title>kolam apartemen</title>
		<link>/kolam-apartemen/</link>
					<comments>/kolam-apartemen/#respond</comments>
		
		<dc:creator><![CDATA[admin]]></dc:creator>
		<pubDate>Fri, 13 Sep 2024 06:51:08 +0000</pubDate>
				<category><![CDATA[Uncategorized]]></category>
		<guid isPermaLink="false">/?p=1029</guid>

					<description><![CDATA[GET IN TOUCH Kelebihan Kami? 24 / 7 Pelayanan Lebih Berpengalaman Gratis Konsultasi]]></description>
										<content:encoded><![CDATA[
<div class="wp-block-cover alignfull has-parallax" style="min-height:100vh;aspect-ratio:unset;"><span aria-hidden="true" class="wp-block-cover__background has-background-dim-40 has-background-dim" style="background-color:#000000"></span><div class="wp-block-cover__image-background wp-image-1024 has-parallax" style="background-position:50% 50%;background-image:url(/wp-content/uploads/2024/09/Screenshot-2024-09-12-113353-2.png)"></div><div class="wp-block-cover__inner-container is-layout-flow wp-block-cover-is-layout-flow">
<h2 class="wp-block-heading alignwide has-white-color has-text-color" style="font-size:48px;line-height:1.2">Kontraktor Kolam Renang #1 Indonesia</h2>



<div class="wp-block-columns alignwide is-layout-flex wp-container-core-columns-is-layout-12 wp-block-columns-is-layout-flex">
<div class="wp-block-column is-layout-flow wp-block-column-is-layout-flow" style="flex-basis:60%">
<p class="has-text-color" style="color:#ffffff">Kolam.co.id merupakan perusahaan yang bergerak di bidang spesialisasi pembuatan kolam untuk berbagai kebutuhan Anda. Perusahaan kami saat ini telah didukung oleh sejumlah tenaga kerja yang berpengalaman dan profesional selama bertahun-tahun.</p>



<div class="wp-block-buttons is-layout-flex wp-block-buttons-is-layout-flex">
<div class="wp-block-button is-style-outline"><a class="wp-block-button__link has-text-color has-background wp-element-button" style="color:#ffffff;background-color:#000000">Konsultasi Gratis</a></div>
</div>
</div>



<div class="wp-block-column is-layout-flow wp-block-column-is-layout-flow"></div>
</div>
</div></div>



<div class="wp-block-group alignfull has-text-color has-background is-layout-flow wp-block-group-is-layout-flow" style="color:#000000;background-color:#ffffff">
<div style="height:64px" aria-hidden="true" class="wp-block-spacer"></div>



<p class="has-text-align-center has-small-font-size" style="line-height:.9"><strong>GET IN TOUCH</strong></p>



<h2 class="wp-block-heading has-text-align-center" id="schedule-a-visit" style="font-size:59px;line-height:1.15"><strong>Kelebihan Kami?</strong></h2>



<div class="wp-block-buttons is-horizontal is-content-justification-center is-layout-flex wp-container-core-buttons-is-layout-15 wp-block-buttons-is-layout-flex">
<div class="wp-block-button has-custom-width wp-block-button__width-50"><a class="wp-block-button__link has-text-color has-background wp-element-button" style="border-radius:50px;color:#ffffff;background-color:#000000">tentang kami</a></div>
</div>



<div style="height:64px" aria-hidden="true" class="wp-block-spacer"></div>
</div>



<div class="wp-block-columns alignwide is-layout-flex wp-container-core-columns-is-layout-13 wp-block-columns-is-layout-flex" style="margin-bottom:0">
<div class="wp-block-column has-text-color has-background has-link-color wp-elements-f1df6667f00814bbfd695f155841323e is-layout-flow wp-block-column-is-layout-flow" style="color:#000000;background-color:#ffe97d;padding-top:2em;padding-right:2em;padding-bottom:2em;padding-left:2em">
<h2 class="wp-block-heading" id="single" style="font-size:40px"><strong>24 / 7 Pelayanan</strong></h2>



<hr class="wp-block-separator has-text-color has-css-opacity has-background is-style-wide" style="background-color:#000000;color:#000000"/>



<ul class="has-normal-font-size">
<li>Dapat membantu menangani kebutuhan Anda kapanpun dan dimanapun Anda membutuhkannya. Katakan kebutuhan Anda pada kami.</li>



<li></li>
</ul>



<p></p>



<div class="wp-block-buttons alignfull is-horizontal is-content-justification-center is-layout-flex wp-container-core-buttons-is-layout-16 wp-block-buttons-is-layout-flex">
<div class="wp-block-button has-custom-width wp-block-button__width-100"><a class="wp-block-button__link has-white-color has-text-color has-background no-border-radius wp-element-button" style="background-color:#000000">$110 / year</a></div>
</div>
</div>



<div class="wp-block-column has-text-color has-background has-link-color wp-elements-c47a0b674e934b00c4b137ddebed312f is-layout-flow wp-block-column-is-layout-flow" style="color:#000000;background-color:#d1d1e1;padding-top:2em;padding-right:2em;padding-bottom:2em;padding-left:2em">
<h2 class="wp-block-heading" id="family" style="font-size:40px"><strong>Lebih Berpengalaman</strong></h2>



<hr class="wp-block-separator has-css-opacity is-style-wide"/>



<ul class="has-normal-font-size">
<li>Kontraktor kolam profesional telah menangani puluhan hingga ratusan klien, dari kolam renang pribadi sampai kolam renang publik untuk wisata.</li>



<li></li>
</ul>



<div class="wp-block-buttons alignfull is-horizontal is-content-justification-center is-layout-flex wp-container-core-buttons-is-layout-17 wp-block-buttons-is-layout-flex">
<div class="wp-block-button has-custom-width wp-block-button__width-100 is-style-fill"><a class="wp-block-button__link has-white-color has-text-color has-background no-border-radius wp-element-button" style="background-color:#000000">$200 / year</a></div>
</div>
</div>



<div class="wp-block-column has-text-color has-background has-link-color wp-elements-f0cece066217c792fee92e6bcec1ec03 is-layout-flow wp-block-column-is-layout-flow" style="color:#000000;background-color:#c0ebf1;padding-top:2em;padding-right:2em;padding-bottom:2em;padding-left:2em">
<h2 class="wp-block-heading" id="patron" style="font-size:40px"><strong>Gratis Konsultasi</strong></h2>



<hr class="wp-block-separator has-css-opacity is-style-wide"/>



<ul class="has-normal-font-size">
<li>Kami memberikan layanan gratis konsultasi dan survey awal lokasi untuk memperoleh data penting berhubungan kolam Anda.</li>



<li></li>
</ul>



<p></p>



<div class="wp-block-buttons alignfull is-horizontal is-content-justification-center is-layout-flex wp-container-core-buttons-is-layout-18 wp-block-buttons-is-layout-flex">
<div class="wp-block-button has-custom-width wp-block-button__width-100"><a class="wp-block-button__link has-white-color has-text-color has-background no-border-radius wp-element-button" style="background-color:#000000">$400 / year</a></div>
</div>
</div>
</div>



<div class="wp-block-cover alignfull is-light" style="min-height:100vh;aspect-ratio:unset;"><span aria-hidden="true" class="wp-block-cover__background has-background-dim-100 has-background-dim" style="background-color:#ffffff"></span><div class="wp-block-cover__inner-container is-layout-flow wp-block-cover-is-layout-flow">
<div class="wp-block-media-text alignwide is-stacked-on-mobile is-vertically-aligned-center is-image-fill" style="grid-template-columns:56% auto"><figure class="wp-block-media-text__media" style="background-image:url(https://s.w.org/images/core/5.8/soil.jpg);background-position:50% 50%"><img decoding="async" src="https://s.w.org/images/core/5.8/soil.jpg" alt="Close-up of dried, cracked earth."/></figure><div class="wp-block-media-text__content">
<h2 class="wp-block-heading has-text-color" style="color:#000000;font-size:32px"><strong>Kontraktor Kolam Renang untuk Waterpark</strong></h2>



<p class="has-text-color" style="color:#000000;font-size:17px">Kolam renang waterpark menjadi tempat wahana air yang membutuhan perencanaan ekstra. Kolam renang ini akan menjadi bisnis yang menjanjikan jika anda membuat rancangan terbaik.</p>



<div class="wp-block-buttons is-layout-flex wp-block-buttons-is-layout-flex">
<div class="wp-block-button is-style-fill"><a class="wp-block-button__link wp-element-button">info selengkapnya</a></div>
</div>
</div></div>
</div></div>



<div class="wp-block-cover alignfull is-light" style="min-height:100vh;aspect-ratio:unset;"><span aria-hidden="true" class="wp-block-cover__background has-background-dim-100 has-background-dim" style="background-color:#ffffff"></span><div class="wp-block-cover__inner-container is-layout-flow wp-block-cover-is-layout-flow">
<div class="wp-block-media-text alignwide is-stacked-on-mobile is-vertically-aligned-center is-image-fill" style="grid-template-columns:56% auto"><figure class="wp-block-media-text__media" style="background-image:url(https://s.w.org/images/core/5.8/soil.jpg);background-position:50% 50%"><img decoding="async" src="https://s.w.org/images/core/5.8/soil.jpg" alt="Close-up of dried, cracked earth."/></figure><div class="wp-block-media-text__content">
<h2 class="wp-block-heading has-text-color" style="color:#000000;font-size:32px"><strong>Kontraktor Kolam Renang Minimalis untuk Rumah #1 Indonesia</strong></h2>



<p class="has-text-color" style="color:#000000;font-size:17px">Anda berencana menciptakan kolam renang untuk rumah hunian? Design kolam renang yang saat ini populer yaitu model minimalis. Design minimalis memiliki aksen sederhana tapi terlihat modern, dapat anda aplikasikan untuk beragam konsep rumah. Tukang kami siap membantu Anda menciptakan kolam renang minimalis untuk rumah dengan harga terjangkau. Konsultasikan keperluan ini dengan tim kami, melalui kontak nomor telepon yang tersedia. </p>



<div class="wp-block-buttons is-layout-flex wp-block-buttons-is-layout-flex">
<div class="wp-block-button is-style-fill"><a class="wp-block-button__link wp-element-button">info selengkapnya</a></div>
</div>
</div></div>
</div></div>



<div class="wp-block-cover alignfull is-light" style="min-height:100vh;aspect-ratio:unset;"><span aria-hidden="true" class="wp-block-cover__background has-background-dim-100 has-background-dim" style="background-color:#ffffff"></span><div class="wp-block-cover__inner-container is-layout-flow wp-block-cover-is-layout-flow">
<div class="wp-block-media-text alignwide is-stacked-on-mobile is-vertically-aligned-center is-image-fill" style="grid-template-columns:56% auto"><figure class="wp-block-media-text__media" style="background-image:url(https://s.w.org/images/core/5.8/soil.jpg);background-position:50% 50%"><img decoding="async" src="https://s.w.org/images/core/5.8/soil.jpg" alt="Close-up of dried, cracked earth."/></figure><div class="wp-block-media-text__content">
<h2 class="wp-block-heading has-text-color" style="color:#000000;font-size:32px"><strong>Jual Peralatan Kolam Renang Lengkap Kualitas #1</strong></h2>



<p class="has-text-color" style="color:#000000;font-size:17px">Kami tidak hanya melayani jasa pembuatan kolam renang saja, melainkan menyediakan berbagai peralatan, perlengkapan, dan aksesoris yang dibutuhkan dalam kolam renang dengan kualitas bagus. Peralatan kolam renang akan anda butuhkan, baik untuk alat perawatan sampai dengan instalasinya. Peralatan kolam renang awet digunakan untuk jangka waktu yang panjang, karena tidak mudah rusak serta aplikasi pemakaiannya sangat mudah.</p>



<div class="wp-block-buttons is-layout-flex wp-block-buttons-is-layout-flex">
<div class="wp-block-button is-style-fill"><a class="wp-block-button__link wp-element-button">info selengkapnya</a></div>
</div>
</div></div>
</div></div>



<p></p>
]]></content:encoded>
					
					<wfw:commentRss>/kolam-apartemen/feed/</wfw:commentRss>
			<slash:comments>0</slash:comments>
		
		
			</item>
		<item>
		<title>kolam hotel</title>
		<link>/kolam-hotel/</link>
					<comments>/kolam-hotel/#respond</comments>
		
		<dc:creator><![CDATA[admin]]></dc:creator>
		<pubDate>Thu, 12 Sep 2024 08:31:15 +0000</pubDate>
				<category><![CDATA[Uncategorized]]></category>
		<guid isPermaLink="false">/?p=1013</guid>

					<description><![CDATA[Garden Park Water Fountain Patron Pool Slide Playground Diving Board]]></description>
										<content:encoded><![CDATA[
<div class="wp-block-cover alignfull has-parallax" style="min-height:100vh;aspect-ratio:unset;"><span aria-hidden="true" class="wp-block-cover__background has-background-dim-40 has-background-dim" style="background-color:#000000"></span><div class="wp-block-cover__image-background wp-image-1024 has-parallax" style="background-position:50% 50%;background-image:url(/wp-content/uploads/2024/09/Screenshot-2024-09-12-113353-2.png)"></div><div class="wp-block-cover__inner-container is-layout-flow wp-block-cover-is-layout-flow">
<h2 class="wp-block-heading alignwide has-white-color has-text-color" style="font-size:48px;line-height:1.2">Kolam Renang HOTEL</h2>



<div class="wp-block-columns alignwide is-layout-flex wp-container-core-columns-is-layout-14 wp-block-columns-is-layout-flex">
<div class="wp-block-column is-layout-flow wp-block-column-is-layout-flow" style="flex-basis:60%">
<p class="has-text-color" style="color:#ffffff">Pastikan proses pembuatan kolam renang Anda dipercayakan pada pihak profesional. Hal ini bertujuan agar Anda terhindar dari resiko kebocoran dan malfungsi pada kolam renang pasca sehari konstruksi dirampungkan.</p>



<div class="wp-block-buttons is-layout-flex wp-block-buttons-is-layout-flex">
<div class="wp-block-button is-style-outline"><a class="wp-block-button__link has-text-color has-background wp-element-button" style="color:#ffffff;background-color:#000000">Hubungi Kami</a></div>
</div>
</div>



<div class="wp-block-column is-layout-flow wp-block-column-is-layout-flow"></div>
</div>
</div></div>



<div class="wp-block-cover alignfull is-light" style="min-height:100vh;aspect-ratio:unset;"><span aria-hidden="true" class="wp-block-cover__background has-background-dim-100 has-background-dim" style="background-color:#ffffff"></span><div class="wp-block-cover__inner-container is-layout-flow wp-block-cover-is-layout-flow">
<div class="wp-block-media-text alignwide is-stacked-on-mobile is-vertically-aligned-center is-image-fill" style="grid-template-columns:56% auto"><figure class="wp-block-media-text__media" style="background-image:url(https://s.w.org/images/core/5.8/soil.jpg);background-position:50% 50%"><img decoding="async" src="https://s.w.org/images/core/5.8/soil.jpg" alt="Close-up of dried, cracked earth."/></figure><div class="wp-block-media-text__content">
<h2 class="wp-block-heading has-text-color" style="color:#000000;font-size:32px"><strong>Kolam Renang HOTEL</strong></h2>



<p class="has-text-color" style="color:#000000;font-size:17px">Hotel adalah salah satu tempat penginapan eksklusif yang dilengkapi oleh berbagai fasilitas mewah dan mampu memanjakan para pengunjung. Salah satunya adalah kolam renang. Secara umum, kolam renang disediakan untuk beberapa hotel bintang tiga sampai lima. Semakin hotel tersebut mewah, maka semakin banyak fitur kolam renang yang disediakan. Bahkan tak sedikit hotel saat ini yang membangun kolam renang pada bagian lantai atas. Hal ini bertujuan agar para pengunjung dapat menikmati pemandangan dan menambah ekslusif yang tentu tidak akan pernah diperoleh jika menggunakan kolam renang umum atau bahkan kolam renang pribadi.</p>



<div class="wp-block-buttons is-layout-flex wp-block-buttons-is-layout-flex">
<div class="wp-block-button is-style-fill"><a class="wp-block-button__link wp-element-button">Hubungi Kami</a></div>
</div>
</div></div>
</div></div>



<div class="wp-block-columns alignwide is-layout-flex wp-container-core-columns-is-layout-15 wp-block-columns-is-layout-flex" style="margin-bottom:0">
<div class="wp-block-column has-text-color has-background has-link-color wp-elements-95a3230ce15baa7b10a1f9f65b3e3ec9 is-layout-flow wp-block-column-is-layout-flow" style="color:#000000;background-color:#ffe97d;padding-top:2em;padding-right:2em;padding-bottom:2em;padding-left:2em">
<h2 class="wp-block-heading" id="single" style="font-size:40px"><strong>Garden Park</strong></h2>



<hr class="wp-block-separator has-text-color has-css-opacity has-background is-style-wide" style="background-color:#000000;color:#000000"/>



<ul class="has-normal-font-size">
<li>Berfungsi untuk meningkatkan keindahan sekaligus menghadirkan sirkulasi udara yang sejuk untuk para pengguna kolam renang.</li>



<li></li>



<li></li>
</ul>



<div class="wp-block-buttons alignfull is-horizontal is-content-justification-center is-layout-flex wp-container-core-buttons-is-layout-24 wp-block-buttons-is-layout-flex">
<div class="wp-block-button has-custom-width wp-block-button__width-100"><a class="wp-block-button__link has-white-color has-text-color has-background no-border-radius wp-element-button" style="background-color:#000000">$110 / year</a></div>
</div>
</div>



<div class="wp-block-column has-text-color has-background has-link-color wp-elements-78ddad779d87bf06df1a8b5e5fd1728a is-layout-flow wp-block-column-is-layout-flow" style="color:#000000;background-color:#d1d1e1;padding-top:2em;padding-right:2em;padding-bottom:2em;padding-left:2em">
<h2 class="wp-block-heading" id="family" style="font-size:40px"><strong>Water Fountain</strong></h2>



<hr class="wp-block-separator has-css-opacity is-style-wide"/>



<ul class="has-normal-font-size">
<li>Selain sebagai hiasan, air mancur juga berfungsi untuk sirkulasi air kolam renang secara lebih merata.</li>



<li></li>



<li></li>



<li></li>
</ul>



<div class="wp-block-buttons alignfull is-horizontal is-content-justification-center is-layout-flex wp-container-core-buttons-is-layout-25 wp-block-buttons-is-layout-flex">
<div class="wp-block-button has-custom-width wp-block-button__width-100 is-style-fill"><a class="wp-block-button__link has-white-color has-text-color has-background no-border-radius wp-element-button" style="background-color:#000000">$200 / year</a></div>
</div>
</div>



<div class="wp-block-column has-text-color has-background has-link-color wp-elements-9ce6d73eee5d3d3c260dba35d614a5a8 is-layout-flow wp-block-column-is-layout-flow" style="color:#000000;background-color:#c0ebf1;padding-top:2em;padding-right:2em;padding-bottom:2em;padding-left:2em">
<h2 class="wp-block-heading" id="patron" style="font-size:40px"><strong>Patron</strong></h2>



<hr class="wp-block-separator has-css-opacity is-style-wide"/>



<ul class="has-normal-font-size">
<li>General admission and member discounts for two adults</li>



<li>Five free tickets per special exhibition</li>



<li>Six single-use guest passes per year</li>
</ul>



<div class="wp-block-buttons alignfull is-horizontal is-content-justification-center is-layout-flex wp-container-core-buttons-is-layout-26 wp-block-buttons-is-layout-flex">
<div class="wp-block-button has-custom-width wp-block-button__width-100"><a class="wp-block-button__link has-white-color has-text-color has-background no-border-radius wp-element-button" style="background-color:#000000">$400 / year</a></div>
</div>
</div>
</div>



<div class="wp-block-columns alignwide is-layout-flex wp-container-core-columns-is-layout-16 wp-block-columns-is-layout-flex" style="margin-bottom:0">
<div class="wp-block-column has-text-color has-background has-link-color wp-elements-166d31375ee54b7c78c1604d11de06f5 is-layout-flow wp-block-column-is-layout-flow" style="color:#000000;background-color:#ffe97d;padding-top:2em;padding-right:2em;padding-bottom:2em;padding-left:2em">
<h2 class="wp-block-heading" id="single" style="font-size:40px"><strong>Pool Slide</strong></h2>



<hr class="wp-block-separator has-text-color has-css-opacity has-background is-style-wide" style="background-color:#000000;color:#000000"/>



<ul class="has-normal-font-size">
<li>Keberadaan fitur pool slide mampu menghadirkan keseruan dan kesenangan para pengguna saat sedang berada di kolam renang.</li>



<li></li>



<li></li>
</ul>



<div class="wp-block-buttons alignfull is-horizontal is-content-justification-center is-layout-flex wp-container-core-buttons-is-layout-27 wp-block-buttons-is-layout-flex">
<div class="wp-block-button has-custom-width wp-block-button__width-100"><a class="wp-block-button__link has-white-color has-text-color has-background no-border-radius wp-element-button" style="background-color:#000000">$110 / year</a></div>
</div>
</div>



<div class="wp-block-column has-text-color has-background has-link-color wp-elements-04284f16163a5455f21d5aaa6c0421cb is-layout-flow wp-block-column-is-layout-flow" style="color:#000000;background-color:#d1d1e1;padding-top:2em;padding-right:2em;padding-bottom:2em;padding-left:2em">
<h2 class="wp-block-heading" id="family" style="font-size:40px"><strong>Playground</strong></h2>



<hr class="wp-block-separator has-css-opacity is-style-wide"/>



<ul class="has-normal-font-size">
<li>Khusus untuk anak di bawah umur karena tingkat kedalamannya relatif sedang. Dilengkapi dengan fasilitas bermain yang menyenangkan.</li>



<li></li>



<li></li>
</ul>



<div class="wp-block-buttons alignfull is-horizontal is-content-justification-center is-layout-flex wp-container-core-buttons-is-layout-28 wp-block-buttons-is-layout-flex">
<div class="wp-block-button has-custom-width wp-block-button__width-100 is-style-fill"><a class="wp-block-button__link has-white-color has-text-color has-background no-border-radius wp-element-button" style="background-color:#000000">$200 / year</a></div>
</div>
</div>



<div class="wp-block-column has-text-color has-background has-link-color wp-elements-3c0f971497b980935bf5b46a3041e61a is-layout-flow wp-block-column-is-layout-flow" style="color:#000000;background-color:#c0ebf1;padding-top:2em;padding-right:2em;padding-bottom:2em;padding-left:2em">
<h2 class="wp-block-heading" id="patron" style="font-size:40px"><strong>Diving Board</strong></h2>



<hr class="wp-block-separator has-css-opacity is-style-wide"/>



<ul class="has-normal-font-size">
<li>Berfungsi untuk memudahkan para perenang untuk melompat dan menyelam, fitur ini wajib untuk kolam renang atletik.</li>



<li></li>



<li></li>
</ul>



<div class="wp-block-buttons alignfull is-horizontal is-content-justification-center is-layout-flex wp-container-core-buttons-is-layout-29 wp-block-buttons-is-layout-flex">
<div class="wp-block-button has-custom-width wp-block-button__width-100"><a class="wp-block-button__link has-white-color has-text-color has-background no-border-radius wp-element-button" style="background-color:#000000">$400 / year</a></div>
</div>
</div>
</div>



<div class="wp-block-media-text alignfull has-media-on-the-right is-stacked-on-mobile is-vertically-aligned-center is-style-default" style="grid-template-columns:auto 56%"><div class="wp-block-media-text__content">
<h2 class="wp-block-heading has-text-color" style="color:#000000"><strong>Tahap-tahap Pembuatan Kolam Renang Hotel</strong></h2>



<ol>
<li>1. Survey Lokasi</li>



<li>2. Konsultasi</li>



<li>3. Desain</li>



<li>4. Konstruksi</li>
</ol>
</div><figure class="wp-block-media-text__media"><img decoding="async" width="733" height="739" src="/wp-content/uploads/2024/09/Screenshot-2024-09-12-133358-1.png" alt="" class="wp-image-1014 size-full" srcset="/wp-content/uploads/2024/09/Screenshot-2024-09-12-133358-1.png 733w, /wp-content/uploads/2024/09/Screenshot-2024-09-12-133358-1-298x300.png 298w, /wp-content/uploads/2024/09/Screenshot-2024-09-12-133358-1-150x150.png 150w" sizes="(max-width: 733px) 100vw, 733px" /></figure></div>



<p></p>
]]></content:encoded>
					
					<wfw:commentRss>/kolam-hotel/feed/</wfw:commentRss>
			<slash:comments>0</slash:comments>
		
		
			</item>
		<item>
		<title>kolam atletik</title>
		<link>/kolam-atletik/</link>
					<comments>/kolam-atletik/#respond</comments>
		
		<dc:creator><![CDATA[admin]]></dc:creator>
		<pubDate>Thu, 12 Sep 2024 07:28:12 +0000</pubDate>
				<category><![CDATA[Uncategorized]]></category>
		<guid isPermaLink="false">/?p=1001</guid>

					<description><![CDATA[Panjang Tali Lintasan Kedalaman Suhu Lebar Lintasan Balok Start Metode Pembuatan Kolam Renang Perlombaan Kami sebagai salah satu kontraktor jasa pembuatan kolam renang Olimpiade atau kolam renang perlombaan menawarkan pekerjaan yang sangat cepat dan tepat untuk menghasilkan kolam renang yang dibutuhkan. Penerapan dari kolam renang perlombaan biasanya dilakukan untuk Stadion ataupun untuk sekolahan. Metode awal [&#8230;]]]></description>
										<content:encoded><![CDATA[
<div class="wp-block-cover alignfull is-light" style="min-height:100vh;aspect-ratio:unset;"><span aria-hidden="true" class="wp-block-cover__background has-background-dim-100 has-background-dim" style="background-color:#ffffff"></span><div class="wp-block-cover__inner-container is-layout-flow wp-block-cover-is-layout-flow">
<div class="wp-block-cover alignfull is-light" style="min-height:100vh;aspect-ratio:unset;"><span aria-hidden="true" class="wp-block-cover__background has-background-dim-100 has-background-dim" style="background-color:#ffffff"></span><div class="wp-block-cover__inner-container is-layout-flow wp-block-cover-is-layout-flow">
<div class="wp-block-group alignwide is-layout-constrained wp-block-group-is-layout-constrained">
<div class="wp-block-group alignwide is-layout-constrained wp-block-group-is-layout-constrained">
<div class="wp-block-media-text alignwide is-stacked-on-mobile is-vertically-aligned-center is-image-fill" style="grid-template-columns:56% auto"><figure class="wp-block-media-text__media" style="background-image:url(/wp-content/uploads/2024/09/Screenshot-2024-09-12-142618-3.png);background-position:50% 50%"><img loading="lazy" decoding="async" width="627" height="628" src="/wp-content/uploads/2024/09/Screenshot-2024-09-12-142618-3.png" alt="" class="wp-image-1010 size-full" srcset="/wp-content/uploads/2024/09/Screenshot-2024-09-12-142618-3.png 627w, /wp-content/uploads/2024/09/Screenshot-2024-09-12-142618-3-300x300.png 300w, /wp-content/uploads/2024/09/Screenshot-2024-09-12-142618-3-150x150.png 150w" sizes="(max-width: 627px) 100vw, 627px" /></figure><div class="wp-block-media-text__content">
<h2 class="wp-block-heading has-text-color" style="color:#000000;font-size:32px"><strong>Kolam Renang PERLOMBAAN</strong></h2>



<p class="has-text-color" style="color:#000000;font-size:17px">Saat ini anda dapat menggunakan jasa dari Kolam.co.id untuk membuat kolam renang yang berlomba and atau kolam renang Olympic. Kami hadir untuk mempermudah anda yang membutuhkan kolam renang untuk perlombaan baik itu untuk keperluan instansi pemerintahan ataupun dalam bidang pendidikan. Pembuatan kolam renang untuk perlombaan dan kolam renang untuk hal yang umum biasanya memiliki perbedaan khususnya pada ukuran dan juga jenis lintasan yang ada. Kami jasa kontraktor pembuatan kolam renang perlombaan dapat membantu anda untuk memenuhi kebutuhan anda tersebut.</p>



<div class="wp-block-buttons is-layout-flex wp-block-buttons-is-layout-flex">
<div class="wp-block-button is-style-fill"><a class="wp-block-button__link wp-element-button">Learn more</a></div>
</div>
</div></div>
</div>
</div>
</div></div>
</div></div>



<div class="wp-block-columns alignwide is-layout-flex wp-container-core-columns-is-layout-17 wp-block-columns-is-layout-flex" style="margin-bottom:0">
<div class="wp-block-column has-text-color has-background has-link-color wp-elements-e887f33677093a51bd282db75d88094e is-layout-flow wp-block-column-is-layout-flow" style="color:#000000;background-color:#ffe97d;padding-top:2em;padding-right:2em;padding-bottom:2em;padding-left:2em">
<h2 class="wp-block-heading" id="single" style="font-size:40px"><strong>Panjang</strong></h2>



<hr class="wp-block-separator has-text-color has-css-opacity has-background is-style-wide" style="background-color:#000000;color:#000000"/>



<ul class="has-normal-font-size">
<li>Panjang lintasan untuk kolam renang perlombaan yaitu 50 meter dengan lebar 25 meter yang mana ukuran tersebut merupakan ukuran standar keselamatan dan juga kemampuan dari para atlet yang sedang berkompetisi sehingga ukuran tersebut merupakan ukuran tetap dan tidak bisa dikurangi dan ditambah.</li>
</ul>



<div class="wp-block-buttons alignfull is-horizontal is-content-justification-center is-layout-flex wp-container-core-buttons-is-layout-31 wp-block-buttons-is-layout-flex">
<div class="wp-block-button has-custom-width wp-block-button__width-100"><a class="wp-block-button__link has-white-color has-text-color has-background no-border-radius wp-element-button" style="background-color:#000000">info detail</a></div>
</div>
</div>



<div class="wp-block-column has-text-color has-background has-link-color wp-elements-6d442afc5689dac32a65b96a8d14eaf3 is-layout-flow wp-block-column-is-layout-flow" style="color:#000000;background-color:#d1d1e1;padding-top:2em;padding-right:2em;padding-bottom:2em;padding-left:2em">
<h2 class="wp-block-heading" id="family" style="font-size:40px"><strong>Tali Lintasan</strong></h2>



<hr class="wp-block-separator has-css-opacity is-style-wide"/>



<ul class="has-normal-font-size">
<li>Tali lintasan sendiri merupakan tali untaian yang muncul disetiap panjang kolam renang yang fungsinya sebagai sekat. Terdiri dari dua macam dengan tali nomor 1 dan nomor 8 yang warnanya hijau dan untuk tali nomor 2, 3 tan 7 memiliki warna biru sedangkan tali nomor 4 dan 5 warna kuning.</li>



<li></li>
</ul>



<div class="wp-block-buttons alignfull is-horizontal is-content-justification-center is-layout-flex wp-container-core-buttons-is-layout-32 wp-block-buttons-is-layout-flex">
<div class="wp-block-button has-custom-width wp-block-button__width-100 is-style-fill"><a class="wp-block-button__link has-white-color has-text-color has-background no-border-radius wp-element-button" style="background-color:#000000">info detail</a></div>
</div>
</div>



<div class="wp-block-column has-text-color has-background has-link-color wp-elements-0745406e297509936c99c24d54276784 is-layout-flow wp-block-column-is-layout-flow" style="color:#000000;background-color:#c0ebf1;padding-top:2em;padding-right:2em;padding-bottom:2em;padding-left:2em">
<h2 class="wp-block-heading" id="patron" style="font-size:40px"><strong>Kedalaman</strong></h2>



<hr class="wp-block-separator has-css-opacity is-style-wide"/>



<ul class="has-normal-font-size">
<li>Kedalaman dari kolam renang untuk perlombaan ditetapkan minimum sedalam 1,35 m yang mana ukuran tersebut diambil dari 1 meter pertama lintasan dan 6 meter ukuran start dinding kolam renang.</li>



<li>Five free tickets per special exhibition</li>



<li></li>



<li></li>



<li></li>
</ul>



<div class="wp-block-buttons alignfull is-horizontal is-content-justification-center is-layout-flex wp-container-core-buttons-is-layout-33 wp-block-buttons-is-layout-flex">
<div class="wp-block-button has-custom-width wp-block-button__width-100"><a class="wp-block-button__link has-white-color has-text-color has-background no-border-radius wp-element-button" style="background-color:#000000">info detail</a></div>
</div>
</div>
</div>



<div class="wp-block-columns alignwide is-layout-flex wp-container-core-columns-is-layout-18 wp-block-columns-is-layout-flex" style="margin-bottom:0">
<div class="wp-block-column has-text-color has-background has-link-color wp-elements-31f58b7a8999eefa013bbbc763b1baa4 is-layout-flow wp-block-column-is-layout-flow" style="color:#000000;background-color:#ffe97d;padding-top:2em;padding-right:2em;padding-bottom:2em;padding-left:2em">
<h2 class="wp-block-heading" id="single" style="font-size:40px"><strong>Suhu</strong></h2>



<hr class="wp-block-separator has-text-color has-css-opacity has-background is-style-wide" style="background-color:#000000;color:#000000"/>



<ul class="has-normal-font-size">
<li>Suhu yang sangat direkomendasikan untuk pemenang lomba perlombaan adalah 25 derajat Celcius hingga 28 derajat Celcius sehingga air tidak terasa panas dan juga dingin yang mana sangat cocok untuk atlet.</li>



<li></li>
</ul>



<div class="wp-block-buttons alignfull is-horizontal is-content-justification-center is-layout-flex wp-container-core-buttons-is-layout-34 wp-block-buttons-is-layout-flex">
<div class="wp-block-button has-custom-width wp-block-button__width-100"><a class="wp-block-button__link has-white-color has-text-color has-background no-border-radius wp-element-button" style="background-color:#000000">info detail</a></div>
</div>
</div>



<div class="wp-block-column has-text-color has-background has-link-color wp-elements-9bdf46be05a54d62e92c65095635c471 is-layout-flow wp-block-column-is-layout-flow" style="color:#000000;background-color:#d1d1e1;padding-top:2em;padding-right:2em;padding-bottom:2em;padding-left:2em">
<h2 class="wp-block-heading" id="family" style="font-size:40px"><strong>Lebar Lintasan</strong></h2>



<hr class="wp-block-separator has-css-opacity is-style-wide"/>



<ul class="has-normal-font-size">
<li>Lebar lintasan dari kolam renang yang diperuntukkan untuk lintasan perlombaan adalah 2,5 m dengan jarak minimum 0,2 m yang ada di luar lintasan di bagian pertama hingga ke bagian terakhir.</li>



<li></li>



<li></li>
</ul>



<div class="wp-block-buttons alignfull is-horizontal is-content-justification-center is-layout-flex wp-container-core-buttons-is-layout-35 wp-block-buttons-is-layout-flex">
<div class="wp-block-button has-custom-width wp-block-button__width-100 is-style-fill"><a class="wp-block-button__link has-white-color has-text-color has-background no-border-radius wp-element-button" style="background-color:#000000">info detail</a></div>
</div>
</div>



<div class="wp-block-column has-text-color has-background has-link-color wp-elements-031e49500051b539057b0aedffe6a495 is-layout-flow wp-block-column-is-layout-flow" style="color:#000000;background-color:#c0ebf1;padding-top:2em;padding-right:2em;padding-bottom:2em;padding-left:2em">
<h2 class="wp-block-heading" id="patron" style="font-size:40px"><strong>Balok Start</strong></h2>



<hr class="wp-block-separator has-css-opacity is-style-wide"/>



<ul class="has-normal-font-size">
<li>Fungsi dari balok ini merupakan awal dari start yang mana nantinya atlet akan bersiap-siap untuk memulai pertandingan dengan standar ketinggiannya yaitu 0,5 hingga 7,5 m dari permukaan air.</li>



<li></li>



<li></li>
</ul>



<div class="wp-block-buttons alignfull is-horizontal is-content-justification-center is-layout-flex wp-container-core-buttons-is-layout-36 wp-block-buttons-is-layout-flex">
<div class="wp-block-button has-custom-width wp-block-button__width-100"><a class="wp-block-button__link has-white-color has-text-color has-background no-border-radius wp-element-button" style="background-color:#000000">info detail</a></div>
</div>
</div>
</div>



<div class="wp-block-columns alignfull is-layout-flex wp-container-core-columns-is-layout-20 wp-block-columns-is-layout-flex">
<div class="wp-block-column is-layout-flow wp-block-column-is-layout-flow" style="flex-basis:50%">
<div class="wp-block-cover is-light" style="min-height:600px;aspect-ratio:unset;"><span aria-hidden="true" class="wp-block-cover__background has-background-dim-100 has-background-dim" style="background-color:#f6f6f6"></span><div class="wp-block-cover__inner-container is-layout-flow wp-block-cover-is-layout-flow">
<figure class="wp-block-image aligncenter size-medium"><img loading="lazy" decoding="async" width="298" height="300" src="/wp-content/uploads/2024/09/Screenshot-2024-09-12-133358-298x300.png" alt="" class="wp-image-1011" srcset="/wp-content/uploads/2024/09/Screenshot-2024-09-12-133358-298x300.png 298w, /wp-content/uploads/2024/09/Screenshot-2024-09-12-133358-150x150.png 150w, /wp-content/uploads/2024/09/Screenshot-2024-09-12-133358.png 733w" sizes="(max-width: 298px) 100vw, 298px" /></figure>
</div></div>
</div>



<div class="wp-block-column is-vertically-aligned-center is-layout-flow wp-block-column-is-layout-flow" style="padding-top:1em;padding-right:1em;padding-bottom:1em;padding-left:1em">
<div class="wp-block-columns is-layout-flex wp-container-core-columns-is-layout-19 wp-block-columns-is-layout-flex">
<div class="wp-block-column is-layout-flow wp-block-column-is-layout-flow" style="flex-basis:320px">
<p class="has-small-font-size" style="line-height:1.6"><strong>Metode Pembuatan Kolam Renang Perlombaan</strong></p>



<p>Kami sebagai salah satu kontraktor jasa pembuatan kolam renang Olimpiade atau kolam renang perlombaan menawarkan pekerjaan yang sangat cepat dan tepat untuk menghasilkan kolam renang yang dibutuhkan. Penerapan dari kolam renang perlombaan biasanya dilakukan untuk Stadion ataupun untuk sekolahan. Metode awal yang harus dilakukan adalah</p>



<ul>
<li>1. Survei tempat atau lokasi Kolam Renang akan dibangun</li>



<li>2. Mengetahui ukuran yang dibutuhkan</li>



<li>3. Buat anggaran biaya</li>



<li>4. Memilih material yang disesuaikan</li>



<li>5. Melakukan desain kolam renang</li>



<li>6. Bangunan kolam renang</li>



<li>7. Finishing kolam renang</li>



<li>8. Menambahkan komponen yang disesuaikan</li>
</ul>
</div>
</div>
</div>
</div>



<div class="wp-block-group alignfull has-text-color has-background is-layout-flow wp-block-group-is-layout-flow" style="color:#000000;background-color:#ffffff">
<div style="height:64px" aria-hidden="true" class="wp-block-spacer"></div>



<p class="has-text-align-center has-small-font-size" style="line-height:.9"><strong>GET IN TOUCH</strong></p>



<h2 class="wp-block-heading has-text-align-center" id="schedule-a-visit" style="font-size:59px;line-height:1.15"><strong>SAATNYA PERCAYAKAN PROFESIONAL!</strong></h2>



<div class="wp-block-buttons is-horizontal is-content-justification-center is-layout-flex wp-container-core-buttons-is-layout-37 wp-block-buttons-is-layout-flex">
<div class="wp-block-button has-custom-width wp-block-button__width-50"><a class="wp-block-button__link has-text-color has-background wp-element-button" style="border-radius:50px;color:#ffffff;background-color:#000000">Contact us</a></div>
</div>



<div style="height:64px" aria-hidden="true" class="wp-block-spacer"></div>
</div>
]]></content:encoded>
					
					<wfw:commentRss>/kolam-atletik/feed/</wfw:commentRss>
			<slash:comments>0</slash:comments>
		
		
			</item>
		<item>
		<title>kolam waterpark</title>
		<link>/985-2/</link>
					<comments>/985-2/#respond</comments>
		
		<dc:creator><![CDATA[admin]]></dc:creator>
		<pubDate>Thu, 12 Sep 2024 06:44:55 +0000</pubDate>
				<category><![CDATA[Uncategorized]]></category>
		<guid isPermaLink="false">/?p=985</guid>

					<description><![CDATA[KONTRAKTOR KOLAM RENANGWATERPARK Waterpark adalah jenis bisnis besar yang membutuhkan konstruksi dan juga perencanaan yang cukup matang dalam pembangunannya. Maka dari itu bagi Anda yang saat ini sedang merencanakan pembangunan Waterpark maka anda bisa menggunakan kontraktor atau jasa pembuatan Waterpark dari kami. Sebelum anda memutuskan untuk melakukan pembangunan Water Park maka anda bisa langsung berkonsultasi [&#8230;]]]></description>
										<content:encoded><![CDATA[
<div class="wp-block-group alignfull is-content-justification-center is-layout-constrained wp-block-group-is-layout-constrained" style="margin-top:0;margin-bottom:0">
<div style="height:var(--wp--preset--spacing--20)" aria-hidden="true" class="wp-block-spacer"></div>



<div class="wp-block-group alignwide is-layout-flow wp-block-group-is-layout-flow">
<div class="wp-block-columns alignwide are-vertically-aligned-top is-layout-flex wp-container-core-columns-is-layout-21 wp-block-columns-is-layout-flex">
<div class="wp-block-column is-vertically-aligned-top is-content-justification-left is-layout-constrained wp-container-core-column-is-layout-47 wp-block-column-is-layout-constrained">
<h2 class="wp-block-heading">KONTRAKTOR KOLAM RENANG<br>WATERPARK</h2>
</div>



<div class="wp-block-column is-vertically-aligned-top is-layout-flow wp-block-column-is-layout-flow" style="flex-basis:40%">
<p>Waterpark adalah jenis bisnis besar yang membutuhkan konstruksi dan juga perencanaan yang cukup matang dalam pembangunannya. Maka dari itu bagi Anda yang saat ini sedang merencanakan pembangunan Waterpark maka anda bisa menggunakan kontraktor atau jasa pembuatan Waterpark dari kami. Sebelum anda memutuskan untuk melakukan pembangunan Water Park maka anda bisa langsung berkonsultasi juga untuk mengetahui beberapa hal yang bisa Anda persiapkan dan anda butuhkan dalam pembangunan Waterpark tersebut.</p>



<div class="wp-block-buttons is-layout-flex wp-block-buttons-is-layout-flex">
<div class="wp-block-button"><a class="wp-block-button__link wp-element-button">Get Started</a></div>
</div>
</div>
</div>



<div style="height:var(--wp--preset--spacing--20)" aria-hidden="true" class="wp-block-spacer"></div>



<div class="wp-block-uagb-image uagb-block-8446cbdd wp-block-uagb-image--layout-default wp-block-uagb-image--effect-static wp-block-uagb-image--align-none"><figure class="wp-block-uagb-image__figure"><img decoding="async" srcset="/wp-content/uploads/2024/09/Screenshot-2024-09-12-113353.png ,/wp-content/uploads/2024/09/Screenshot-2024-09-12-113353.png 780w, /wp-content/uploads/2024/09/Screenshot-2024-09-12-113353.png 360w" sizes="(max-width: 480px) 150px" src="/wp-content/uploads/2024/09/Screenshot-2024-09-12-113353.png" alt="" class="uag-image-975" width="2667" height="4000" title="Screenshot 2024-09-12 113353" loading="lazy" role="img"/></figure></div>
</div>



<div style="height:var(--wp--preset--spacing--20)" aria-hidden="true" class="wp-block-spacer"></div>
</div>



<div class="wp-block-group alignfull has-ast-global-color-4-background-color has-background is-layout-flow wp-block-group-is-layout-flow" style="padding-top:6vw;padding-right:6vw;padding-bottom:6vw;padding-left:6vw">
<div class="wp-block-group is-vertical is-nowrap is-layout-flex wp-container-core-group-is-layout-8 wp-block-group-is-layout-flex" style="padding-right:0;padding-left:0">
<h6 class="wp-block-heading has-text-color" id="ecosystem" style="color:#000000;font-size:16px">ECOSYSTEM</h6>



<p class="has-text-color" style="color:#000000;font-size:6vw;font-style:normal;font-weight:700;letter-spacing:0px;line-height:0.9;text-decoration:none;text-transform:none">Kolam Renang WATERPARK</p>
</div>



<div style="height:1vw" aria-hidden="true" class="wp-block-spacer"></div>



<div class="wp-block-group alignwide is-vertical is-nowrap is-layout-flex wp-container-core-group-is-layout-12 wp-block-group-is-layout-flex" style="padding-top:0;padding-right:0;padding-bottom:0;padding-left:0">
<div class="wp-block-columns alignwide is-layout-flex wp-container-core-columns-is-layout-24 wp-block-columns-is-layout-flex">
<div class="wp-block-column is-layout-flow wp-block-column-is-layout-flow" style="flex-basis:33.38%">
<h3 class="wp-block-heading">Layanan Pengerjaan</h3>



<ul>
<li>1. Tenaga ahli Konstruksi kolam renang</li>



<li>2. Satuan sistem skimmer atau overflow</li>



<li>3. Sistem sirkulasi otomatis atau manual</li>



<li>4. Sistem jetstream</li>



<li>5. Treatment air awal</li>



<li>6. Treatment air secara berkala air</li>



<li>7. Perawatan kolam renang</li>
</ul>



<div class="wp-block-uagb-advanced-heading uagb-block-589bab4f"><h2 class="uagb-heading-text">Keunggulan Pembuatan Waterpark Kami</h2></div>



<ul>
<li>1. Jaminan mutu pada konstruksi dan juga sistem pengairan yang efektif dan efisien</li>



<li>2. Harga terbaik &amp; kompetitif serta dapat dibandingkan dengan jasa kontraktor lainnya.</li>



<li>3. Layanan service pengerjaan kontraktor Waterpark yang kami berikan adalah berbagai macam jenis kolam dari kolam mini, kolam medium hingga kolam standar lokal dan internasional.</li>



<li>4. Ditangani dan juga dikontrol langsung oleh tim yang profesional dan berpengalaman dalam bidang struktur dan juga sistem Sirkulasi air</li>



<li>5. Garansi pengerjaan waterpark untuk beberapa ketentuan &amp; persyaratan yang sudah disepakati bersama antara kontraktor &amp; klien</li>



<li>6. Pelayanan yang cepat dan juga tanggap dalam menyelesaikan berbagai macam pekerjaan dan juga berbagai macam keluhan dari klien.</li>
</ul>
</div>



<div class="wp-block-column is-layout-flow wp-block-column-is-layout-flow" style="flex-basis:33%">
<div style="height:2vw" aria-hidden="true" class="wp-block-spacer"></div>



<div style="background-image:url(&#039;/wp-content/uploads/2024/09/Screenshot-2024-09-12-131138.png&#039;);background-size:cover;" class="wp-block-group has-background is-layout-constrained wp-block-group-is-layout-constrained">
<div class="wp-block-columns is-layout-flex wp-container-core-columns-is-layout-23 wp-block-columns-is-layout-flex">
<div class="wp-block-column is-layout-flow wp-block-column-is-layout-flow" style="flex-basis:100%">
<div class="wp-block-group is-layout-constrained wp-block-group-is-layout-constrained">
<div class="wp-block-group is-layout-constrained wp-block-group-is-layout-constrained">
<div class="wp-block-columns is-layout-flex wp-container-core-columns-is-layout-22 wp-block-columns-is-layout-flex">
<div class="wp-block-column is-layout-flow wp-block-column-is-layout-flow" style="flex-basis:100%">					<div
						class="wp-block-uagb-image-gallery uagb-block-06b8bc01     "
						style=""
					>
											<div class="spectra-image-gallery spectra-image-gallery__layout--grid spectra-image-gallery__layout--grid-col-1 spectra-image-gallery__layout--grid-col-tab-1 spectra-image-gallery__layout--grid-col-mob-1">
											<div class='spectra-image-gallery__media-wrapper' data-spectra-gallery-image-id='988' tabindex="0">
							<div class="spectra-image-gallery__media spectra-image-gallery__media--grid">
				<picture>
					<source media="(min-width: 1024px)" srcset="/wp-content/uploads/2024/09/Screenshot-2024-09-12-131138.png">
					<source media="(min-width: 768px)" srcset="/wp-content/uploads/2024/09/Screenshot-2024-09-12-131138.png">
					<img decoding="async" class="spectra-image-gallery__media-thumbnail spectra-image-gallery__media-thumbnail--grid" src="/wp-content/uploads/2024/09/Screenshot-2024-09-12-131138-300x300.png" alt="" loading="lazy" />
				</picture>
				<div class="spectra-image-gallery__media-thumbnail-blurrer"></div>
											<div class="spectra-image-gallery__media-thumbnail-caption-wrapper spectra-image-gallery__media-thumbnail-caption-wrapper--overlay">
											<div class="spectra-image-gallery__media-thumbnail-caption spectra-image-gallery__media-thumbnail-caption--overlay">
									</div>
										</div>
									</div>
						</div>
										</div>
																		</div>
									</div>
</div>
</div>
</div>
</div>
</div>
</div>



<div class="wp-block-uagb-image uagb-block-c9500644 wp-block-uagb-image--layout-default wp-block-uagb-image--effect-static wp-block-uagb-image--align-none"><figure class="wp-block-uagb-image__figure"><img decoding="async" srcset="/wp-content/uploads/2024/09/Screenshot-2024-09-12-132730.png ,/wp-content/uploads/2024/09/Screenshot-2024-09-12-132730.png 780w, /wp-content/uploads/2024/09/Screenshot-2024-09-12-132730.png 360w" sizes="(max-width: 480px) 150px" src="/wp-content/uploads/2024/09/Screenshot-2024-09-12-132730.png" alt="" class="uag-image-992" width="1000" height="1336" title="Screenshot 2024-09-12 132730" loading="lazy" role="img"/></figure></div>
</div>



<div class="wp-block-column is-layout-flow wp-block-column-is-layout-flow" style="flex-basis:33.62%">					<div
						class="wp-block-uagb-image-gallery uagb-block-d285b61d     "
						style=""
					>
											<div class="spectra-image-gallery spectra-image-gallery__layout--grid spectra-image-gallery__layout--grid-col-1 spectra-image-gallery__layout--grid-col-tab-1 spectra-image-gallery__layout--grid-col-mob-1">
											<div class='spectra-image-gallery__media-wrapper' data-spectra-gallery-image-id='990' tabindex="0">
							<div class="spectra-image-gallery__media spectra-image-gallery__media--grid">
				<picture>
					<source media="(min-width: 1024px)" srcset="/wp-content/uploads/2024/09/Screenshot-2024-09-12-131935.png">
					<source media="(min-width: 768px)" srcset="/wp-content/uploads/2024/09/Screenshot-2024-09-12-131935.png">
					<img decoding="async" class="spectra-image-gallery__media-thumbnail spectra-image-gallery__media-thumbnail--grid" src="/wp-content/uploads/2024/09/Screenshot-2024-09-12-131935-300x300.png" alt="" loading="lazy" />
				</picture>
				<div class="spectra-image-gallery__media-thumbnail-blurrer"></div>
											<div class="spectra-image-gallery__media-thumbnail-caption-wrapper spectra-image-gallery__media-thumbnail-caption-wrapper--overlay">
											<div class="spectra-image-gallery__media-thumbnail-caption spectra-image-gallery__media-thumbnail-caption--overlay">
									</div>
										</div>
									</div>
						</div>
										</div>
																		</div>
									


<div class="wp-block-uagb-image uagb-block-346457da wp-block-uagb-image--layout-default wp-block-uagb-image--effect-static wp-block-uagb-image--align-none"><figure class="wp-block-uagb-image__figure"><img decoding="async" srcset="/wp-content/uploads/2024/09/Screenshot-2024-09-12-132811.png ,/wp-content/uploads/2024/09/Screenshot-2024-09-12-132811.png 780w, /wp-content/uploads/2024/09/Screenshot-2024-09-12-132811.png 360w" sizes="(max-width: 480px) 150px" src="/wp-content/uploads/2024/09/Screenshot-2024-09-12-132811.png" alt="" class="uag-image-993" width="1000" height="1333" title="Screenshot 2024-09-12 132811" loading="lazy" role="img"/></figure></div>
</div>
</div>



<div class="wp-block-columns alignwide is-layout-flex wp-container-core-columns-is-layout-25 wp-block-columns-is-layout-flex">
<div class="wp-block-column is-layout-flow wp-block-column-is-layout-flow" style="flex-basis:69%">
<div class="wp-block-uagb-image uagb-block-49202be7 wp-block-uagb-image--layout-default wp-block-uagb-image--effect-static wp-block-uagb-image--align-none"><figure class="wp-block-uagb-image__figure"><img decoding="async" srcset="/wp-content/uploads/2024/09/Screenshot-2024-09-12-133337.png ,/wp-content/uploads/2024/09/Screenshot-2024-09-12-133337.png 780w, /wp-content/uploads/2024/09/Screenshot-2024-09-12-133337.png 360w" sizes="(max-width: 480px) 150px" src="/wp-content/uploads/2024/09/Screenshot-2024-09-12-133337.png" alt="" class="uag-image-994" width="1024" height="683" title="Screenshot 2024-09-12 133337" loading="lazy" role="img"/></figure></div>
</div>



<div class="wp-block-column is-vertically-aligned-center is-layout-flow wp-block-column-is-layout-flow" style="flex-basis:33%">
<div style="height:2vw" aria-hidden="true" class="wp-block-spacer"></div>



<p class="has-text-color" style="color:#000000;font-size:17px"><strong>Estimasi Biaya Pembuatan Waterpark</strong></p>



<p>Waterpark merupakan jenis kolam renang yang tidak sebesar taman air seperti jenis Waterboom sehingga tidak membutuhkan banyak biaya baik dari biaya konstruksi maupun biaya perawatan. Perpak memiliki model yang sangat sederhana dan juga memiliki beberapa Wahana tambahan yang bisa melengkapi dan memperindah Waterpark tersebut. Estimasi biaya untuk pembuatan Water Park sendiri dimulai dari 200 juta dengan berbagai macam perlengkapan yang juga termasuk dan juga biaya konstruksi dari pembuatannya.</p>
</div>
</div>
</div>
</div>
]]></content:encoded>
					
					<wfw:commentRss>/985-2/feed/</wfw:commentRss>
			<slash:comments>0</slash:comments>
		
		
			</item>
		<item>
		<title>Hello world!</title>
		<link>/hello-world/</link>
					<comments>/hello-world/#comments</comments>
		
		<dc:creator><![CDATA[admin]]></dc:creator>
		<pubDate>Thu, 09 Mar 2017 03:18:12 +0000</pubDate>
				<category><![CDATA[Uncategorized]]></category>
		<guid isPermaLink="false">http://blankinstall.web-dev.oxygen-is-really-amazing-and-everyone-loves-it.com/?p=1</guid>

					<description><![CDATA[Welcome to WordPress. This is your first post. Edit or delete it, then start writing!]]></description>
										<content:encoded><![CDATA[<p>Welcome to WordPress. This is your first post. Edit or delete it, then start writing!</p>
]]></content:encoded>
					
					<wfw:commentRss>/hello-world/feed/</wfw:commentRss>
			<slash:comments>1</slash:comments>
		
		
			</item>
	</channel>
</rss>
